file,WER,S,D,I
CCM-002710-01_L01.wav,72.571429,78,38,11
CCM-003094-01_L01.wav,39.428571,50,13,6
CCM-003110-01_L01.wav,25.581395,28,12,4
CCM-003493-01_L01.wav,28.651685,36,4,11
CCM-003998-01_L01.wav,33.522727,43,8,8
CCM-004523-01_L01.wav,28.654971,31,14,4
CCM-004538-01_L01.wav,43.820225,47,26,5
