file,WER,S,D,I
CCM-001773-01_L01.wav,79.661017,11,123,7
CCM-003130-01_L01.wav,70.621469,23,101,1
CCM-003148-01_L01.wav,66.666667,27,94,5
CCM-003346-01_L01.wav,73.015873,6,132,0
CCM-003557-01_L01.wav,57.368421,19,87,3
CCM-003733-01_L01.wav,65.989848,43,86,1
CCM-003734-01_L01.wav,56.906077,5,97,1
CCM-003848-01_L01.wav,66.666667,16,108,4
