file,WER,S,D,I
CCM-001773-01_L01.wav,35.028249,35,19,8
CCM-003130-01_L01.wav,44.571429,47,30,1
CCM-003148-01_L01.wav,34.285714,39,18,3
CCM-003346-01_L01.wav,29.824561,34,15,2
CCM-003557-01_L01.wav,20.903955,28,5,4
CCM-003733-01_L01.wav,59.52381,74,19,7
CCM-003734-01_L01.wav,20.338983,27,8,1
CCM-003848-01_L01.wav,44.632768,51,21,7
