file,WER,S,D,I
AEX-CAB000-02_L01.wav,10.734463,17,2,0
AEX-CAC000-02_L01.wav,21.925134,26,9,6
AEX-CAG000-01_L01.wav,15.168539,23,1,3
AEX-CLJ000-02_L01.wav,22.702703,24,5,13
AEX-CML000-01_L01.wav,12.921348,17,6,0
AEX-CSR000-01_L01.wav,20.0,27,9,0
BEX-CDB000-01_L01.wav,17.877095,30,2,0
BEX-CEB000-01_L01.wav,22.527473,29,12,0
BEX-CHE000-01_L01.wav,21.468927,25,12,1
BEX-CKN000-01_L01.wav,14.52514,20,6,0
BEX-CMB000-01_L01.wav,19.230769,27,8,0
BEX-CNKN00-01_L01.wav,22.404372,33,8,0
