file,WER,S,D,I
CCM-002710-01_L01.wav,84.0,34,110,3
CCM-003094-01_L01.wav,54.285714,24,71,0
CCM-003110-01_L01.wav,45.930233,16,63,0
CCM-003493-01_L01.wav,35.955056,21,40,3
CCM-003998-01_L01.wav,47.727273,22,57,5
CCM-004523-01_L01.wav,67.251462,15,100,0
CCM-004538-01_L01.wav,70.224719,16,106,3
