file,WER,S,D,I
CCM-001773-01_L01.wav,69.491525,10,105,8
CCM-003130-01_L01.wav,72.0,23,98,5
CCM-003148-01_L01.wav,45.714286,26,52,2
CCM-003346-01_L01.wav,54.385965,21,71,1
CCM-003557-01_L01.wav,48.587571,18,66,2
CCM-003733-01_L01.wav,58.333333,32,57,9
CCM-003734-01_L01.wav,32.20339,10,46,1
CCM-003848-01_L01.wav,66.101695,7,107,3
