file,WER,S,D,I
AEX-CAB000-02_L01.wav,8.522727,11,4,0
AEX-CAC000-02_L01.wav,14.204545,13,1,11
AEX-CAG000-01_L01.wav,8.045977,9,3,2
AEX-CLJ000-02_L01.wav,16.477273,7,0,22
AEX-CML000-01_L01.wav,15.340909,14,8,5
AEX-CSR000-01_L01.wav,7.344633,9,3,1
BEX-CDB000-01_L01.wav,5.142857,7,0,2
BEX-CEB000-01_L01.wav,11.363636,10,6,4
BEX-CHE000-01_L01.wav,29.378531,10,40,2
BEX-CKN000-01_L01.wav,9.60452,11,3,3
BEX-CMB000-01_L01.wav,18.128655,10,16,5
BEX-CNKN00-01_L01.wav,18.644068,19,5,9
