file,WER,S,D,I
AEX-CAB000-02_L01.wav,17.045455,11,19,0
AEX-CAC000-02_L01.wav,15.909091,17,3,8
AEX-CAG000-01_L01.wav,12.643678,19,2,1
AEX-CLJ000-02_L01.wav,22.159091,16,1,22
AEX-CML000-01_L01.wav,25.0,6,37,1
AEX-CSR000-01_L01.wav,18.644068,17,16,0
BEX-CDB000-01_L01.wav,7.428571,11,0,2
BEX-CEB000-01_L01.wav,34.090909,15,40,5
BEX-CHE000-01_L01.wav,37.853107,4,63,0
BEX-CKN000-01_L01.wav,11.299435,14,4,2
BEX-CMB000-01_L01.wav,18.71345,12,15,5
BEX-CNKN00-01_L01.wav,20.338983,19,14,3
