file,WER,S,D,I
CCM-001773-01_L01.wav,76.271186,3,125,7
CCM-003130-01_L01.wav,48.587571,73,10,3
CCM-003148-01_L01.wav,70.3125,9,125,1
CCM-003346-01_L01.wav,39.473684,26,49,0
CCM-003557-01_L01.wav,23.404255,25,18,1
CCM-003733-01_L01.wav,71.212121,101,27,13
CCM-003734-01_L01.wav,26.519337,23,23,2
CCM-003848-01_L01.wav,33.678756,26,36,3
